{
  "Use Non-ASCII Font" : false,
  "Tags" : [

  ],
  "Ansi 12 Color" : {
    "Red Component" : 0.51372551918029785,
    "Color Space" : "Calibrated",
    "Blue Component" : 0.59607845544815063,
    "Alpha Component" : 1,
    "Green Component" : 0.64705884456634521
  },
  "Ansi 6 Color" : {
    "Red Component" : 0.40784314274787903,
    "Color Space" : "Calibrated",
    "Blue Component" : 0.41568627953529358,
    "Alpha Component" : 1,
    "Green Component" : 0.61568629741668701
  },
  "Normal Font" : "MesloLGMNerdFontCompleteM-Regular 11",
  "Bold Color" : {
    "Red Component" : 0.90980392694473267,
    "Color Space" : "Calibrated",
    "Blue Component" : 0.64313727617263794,
    "Alpha Component" : 1,
    "Green Component" : 0.83137255907058716
  },
  "Ansi 3 Color" : {
    "Red Component" : 0.84313726425170898,
    "Color Space" : "Calibrated",
    "Blue Component" : 0.12941177189350128,
    "Alpha Component" : 1,
    "Green Component" : 0.60000002384185791
  },
  "Ansi 2 Color" : {
    "Red Component" : 0.59607845544815063,
    "Color Space" : "Calibrated",
    "Blue Component" : 0.10196078568696976,
    "Alpha Component" : 1,
    "Green Component" : 0.59215688705444336
  },
  "Right Option Key Sends" : 2,
  "Rows" : 70,
  "Default Bookmark" : "No",
  "Blend" : 0.098243735493093121,
  "Cursor Guide Color" : {
    "Red Component" : 0.64999997615814209,
    "Color Space" : "Calibrated",
    "Blue Component" : 1,
    "Alpha Component" : 0.25,
    "Green Component" : 0.9100000262260437
  },
  "Non-ASCII Anti Aliased" : true,
  "Use Bright Bold" : true,
  "Ansi 10 Color" : {
    "Red Component" : 0.72156864404678345,
    "Color Space" : "Calibrated",
    "Blue Component" : 0.14901961386203766,
    "Alpha Component" : 1,
    "Green Component" : 0.73333334922790527
  },
  "Use Cursor Guide" : false,
  "Ambiguous Double Width" : false,
  "Jobs to Ignore" : [
    "rlogin",
    "ssh",
    "slogin",
    "telnet"
  ],
  "Ansi 15 Color" : {
    "Red Component" : 0.92156863212585449,
    "Color Space" : "Calibrated",
    "Blue Component" : 0.69803923368453979,
    "Alpha Component" : 1,
    "Green Component" : 0.85882353782653809
  },
  "Foreground Color" : {
    "Red Component" : 0.90980392694473267,
    "Color Space" : "Calibrated",
    "Blue Component" : 0.64313727617263794,
    "Alpha Component" : 1,
    "Green Component" : 0.83137255907058716
  },
  "Working Directory" : "\/Users\/romeo.balta",
  "Blinking Cursor" : false,
  "Space" : 0,
  "Sync Title" : false,
  "Prompt Before Closing 2" : false,
  "BM Growl" : true,
  "Command" : "",
  "Description" : "Default",
  "Smart Cursor Color" : false,
  "Mouse Reporting" : true,
  "Screen" : 0,
  "Selection Color" : {
    "Red Component" : 0.19607843458652496,
    "Color Space" : "Calibrated",
    "Blue Component" : 0.18431372940540314,
    "Alpha Component" : 1,
    "Green Component" : 0.18823529779911041
  },
  "Disable Window Resizing" : true,
  "Only The Default BG Color Uses Transparency" : true,
  "Columns" : 280,
  "Idle Code" : 0,
  "Background Image Mode" : 2,
  "Ansi 13 Color" : {
    "Red Component" : 0.82745099067687988,
    "Color Space" : "Calibrated",
    "Blue Component" : 0.60784316062927246,
    "Alpha Component" : 1,
    "Green Component" : 0.52549022436141968
  },
  "Custom Command" : "No",
  "ASCII Anti Aliased" : true,
  "Non Ascii Font" : "Monaco 12",
  "Vertical Spacing" : 1,
  "Use Bold Font" : true,
  "Left Option Key Changeable" : false,
  "Selected Text Color" : {
    "Red Component" : 0.70916998386383057,
    "Color Space" : "Calibrated",
    "Blue Component" : 0.70916998386383057,
    "Alpha Component" : 1,
    "Green Component" : 0.70916998386383057
  },
  "Option Key Sends" : 2,
  "Background Color" : {
    "Red Component" : 0.10980392247438431,
    "Color Space" : "Calibrated",
    "Blue Component" : 0.10980392247438431,
    "Alpha Component" : 1,
    "Green Component" : 0.10980392247438431
  },
  "Ansi 11 Color" : {
    "Red Component" : 0.98039215803146362,
    "Color Space" : "Calibrated",
    "Blue Component" : 0.18431372940540314,
    "Alpha Component" : 1,
    "Green Component" : 0.74117648601531982
  },
  "Character Encoding" : 4,
  "Use Italic Font" : true,
  "Unlimited Scrollback" : false,
  "Keyboard Map" : {
    "0x33-0x200000-0x0" : {
      "Action" : 12,
      "Text" : "3"
    },
    "0x2f-0x200000-0x0" : {
      "Action" : 12,
      "Text" : "\/"
    },
    "0x3-0x200000-0x0" : {
      "Action" : 11,
      "Text" : "0xd"
    },
    "0x38-0x200000-0x0" : {
      "Action" : 12,
      "Text" : "8"
    },
    "0xf728-0x80000-0x0" : {
      "Action" : 10,
      "Text" : "d"
    },
    "0xf70e-0x20000-0x0" : {
      "Action" : 10,
      "Text" : "[23;2~"
    },
    "0xf701-0x220000-0x0" : {
      "Action" : 10,
      "Text" : "[1;2B"
    },
    "0x32-0x40000-0x0" : {
      "Action" : 11,
      "Text" : "0x00"
    },
    "0xf700-0x240000-0x0" : {
      "Action" : 10,
      "Text" : "[1;5A"
    },
    "0xf703-0x220000-0x0" : {
      "Action" : 10,
      "Text" : "[1;2C"
    },
    "0xf70b-0x20000-0x0" : {
      "Action" : 10,
      "Text" : "[19;2~"
    },
    "0xf702-0x240000-0x0" : {
      "Action" : 10,
      "Text" : "[1;5D"
    },
    "0xf701-0x260000-0x0" : {
      "Action" : 10,
      "Text" : "[1;6B"
    },
    "0xf72b-0x40000-0x0" : {
      "Action" : 10,
      "Text" : "[1;5F"
    },
    "0xf703-0x260000-0x0" : {
      "Action" : 10,
      "Text" : "[1;6C"
    },
    "0x31-0x200000-0x0" : {
      "Action" : 12,
      "Text" : "1"
    },
    "0xf702-0x280000-0x0" : {
      "Action" : 10,
      "Text" : "b"
    },
    "0x2d-0x200000-0x0" : {
      "Action" : 12,
      "Text" : "-"
    },
    "0xf709-0x20000-0x0" : {
      "Action" : 10,
      "Text" : "[17;2~"
    },
    "0x36-0x200000-0x0" : {
      "Action" : 12,
      "Text" : "6"
    },
    "0xf706-0x20000-0x0" : {
      "Action" : 10,
      "Text" : "[1;2R"
    },
    "0x36-0x40000-0x0" : {
      "Action" : 11,
      "Text" : "0x1e"
    },
    "0xf729-0x40000-0x0" : {
      "Action" : 10,
      "Text" : "[1;5H"
    },
    "0x2d-0x40000-0x0" : {
      "Action" : 11,
      "Text" : "0x1f"
    },
    "0xf702-0x300000-0x0" : {
      "Action" : 11,
      "Text" : "0x1"
    },
    "0x7f-0x80000-0x0" : {
      "Action" : 11,
      "Text" : "0x1b 0x7f"
    },
    "0x33-0x40000-0x0" : {
      "Action" : 11,
      "Text" : "0x1b"
    },
    "0x2b-0x200000-0x0" : {
      "Action" : 12,
      "Text" : "+"
    },
    "0x34-0x200000-0x0" : {
      "Action" : 12,
      "Text" : "4"
    },
    "0xf70d-0x20000-0x0" : {
      "Action" : 10,
      "Text" : "[21;2~"
    },
    "0xf72b-0x20000-0x0" : {
      "Action" : 10,
      "Text" : "[1;2F"
    },
    "0x39-0x200000-0x0" : {
      "Action" : 12,
      "Text" : "9"
    },
    "0xf70a-0x20000-0x0" : {
      "Action" : 10,
      "Text" : "[18;2~"
    },
    "0x37-0x40000-0x0" : {
      "Action" : 11,
      "Text" : "0x1f"
    },
    "0xf708-0x20000-0x0" : {
      "Action" : 10,
      "Text" : "[15;2~"
    },
    "0xf729-0x20000-0x0" : {
      "Action" : 10,
      "Text" : "[1;2H"
    },
    "0xf700-0x220000-0x0" : {
      "Action" : 10,
      "Text" : "[1;2A"
    },
    "0xf705-0x20000-0x0" : {
      "Action" : 10,
      "Text" : "[1;2Q"
    },
    "0xf702-0x220000-0x0" : {
      "Action" : 10,
      "Text" : "[1;2D"
    },
    "0x2e-0x200000-0x0" : {
      "Action" : 12,
      "Text" : "."
    },
    "0x32-0x200000-0x0" : {
      "Action" : 12,
      "Text" : "2"
    },
    "0xf701-0x240000-0x0" : {
      "Action" : 10,
      "Text" : "[1;5B"
    },
    "0xf700-0x260000-0x0" : {
      "Action" : 10,
      "Text" : "[1;6A"
    },
    "0x37-0x200000-0x0" : {
      "Action" : 12,
      "Text" : "7"
    },
    "0xf703-0x240000-0x0" : {
      "Action" : 10,
      "Text" : "[1;5C"
    },
    "0x34-0x40000-0x0" : {
      "Action" : 11,
      "Text" : "0x1c"
    },
    "0xf702-0x260000-0x0" : {
      "Action" : 10,
      "Text" : "[1;6D"
    },